,r,e,a,n,u,d,c,i,ã,³, ,l,p,­,o,s,m,t,",",v,1,7,b,y,±,q,h,.,g,"""",f,2,0,¡,x,z,(,),k,â,¿,©,?,4,3,j,6,-,º,9,8,:,;,5,¤,/,w,%,!,[,],‰,¼,š
r,0.05388811949470426,0.11696598280917965,0.09258148258209935,0.05389372641588777,0.029447550055788866,0.03879989458988175,0.03432557148544163,0.05331621353398635,0.019444802664408945,0.006711484656660181,0.1532988320783175,0.039545615107288434,0.023425716704700283,0.0038351340895201036,0.0731422868388739,0.06219196976748098,0.02422750643394206,0.03790278720052032,0.010013961233746937,0.005803163424931736,0.0007513274385901957,0.00010653150248666954,0.008713155519172866,0.0063470347797321015,0.001687683276236186,0.007535702070635993,0.005186402094745754,0.006212468671327887,0.008472057908281982,7.2889975385616e-05,0.005791949582564718,0.000515836748882821,0.0008915004681779188,0.0024670453207439264,0.0014129441382442487,0.0020353123896137393,0.00025231145325790155,0.000291559901542464,0.0001962422414228123,0.00013456610840421415,0.0001233522660371963,0.0018558909117414536,0.0001233522660371963,0.00013456610840421415,0.00010653150248666954,0.0021418438921004088,0.00016260071432175878,0.0007849689656912492,0.0006167613301859816,0.0008971073893614277,0.0001682076355052677,0.00022988376852386586,0.00015699379313824987,0.00025231145325790155,2.2427684734035694e-05,0.00020184916260632124,5.606921183508923e-05,7.849689656912493e-05,5.6069211835089236e-06,5.6069211835089236e-06,5.6069211835089236e-06,1.682076355052677e-05,1.1213842367017847e-05,5.6069211835089236e-06
e,0.058149559368214906,0.1010047256162459,0.08000553450551322,0.06764336497935204,0.027613989527012644,0.03760270765038955,0.036394695389331176,0.046000255438716,0.01760398484396952,0.006370002980118353,0.16506662693175528,0.0441323598280046,0.022638256205032143,0.0036400017029247734,0.06405125803567627,0.07620588360509174,0.024564689854825662,0.03553258972284899,0.010371876197368981,0.0059974881859593855,0.0007130997488185959,0.00010111115841457703,0.009158542296394057,0.006018774745625612,0.0016018136148835626,0.00721082208693431,0.004933160202648048,0.005827195708629571,0.01006854272212525,6.385967899868024e-05,0.0062103537826216524,0.0004895908723232151,0.0008461407467325131,0.0023415215632849417,0.002426667801949849,0.002102047767039891,0.00023947379624505088,0.0002926901954106177,0.00018093575716292731,0.00012771935799736048,0.00011707607816424709,0.0017614628123802632,0.00013304099791391715,0.00012771935799736048,0.00010111115841457703,0.002660819958278343,0.0001543275575801439,0.0007876027076503896,0.0005853803908212354,0.0008514623866490697,0.0001596491974967006,0.00021818723657882413,0.00016497083741325727,0.00023947379624505088,2.1286559666226746e-05,0.0001969006769125974,5.321639916556686e-05,7.450295883179361e-05,5.3216399165566865e-06,5.3216399165566865e-06,5.3216399165566865e-06,1.596491974967006e-05,1.0643279833113373e-05,5.3216399165566865e-06
a,0.060031458007913485,0.10329982529376228,0.08048460571360151,0.05805036546803311,0.027969325721003392,0.04308332018047535,0.037390400409280655,0.04696930939331762,0.01745973864817647,0.006514746621529686,0.16569879773807125,0.04319761398085307,0.023751340230873476,0.003722712355159821,0.06461953770879028,0.06982262690693763,0.025993675743045768,0.036726407854705365,0.010558570130131655,0.005731017704653935,0.000729303297648269,0.00010340867653221725,0.010128607738234542,0.006928381327658556,0.001638211138747231,0.007233164795332459,0.005197646636224604,0.006509304059606938,0.008065876769512944,7.075330499572759e-05,0.0057419028284994315,0.0005007156968928414,0.0008653673457169759,0.0023947272460092413,0.0013715256045325657,0.002193352454867555,0.0002449152865236724,0.0002938983438284069,0.00020137479114168622,0.00013062148614595862,0.00011973636230046207,0.0018014879964296793,0.0001360640480687069,0.00013062148614595862,0.00010340867653221725,0.0024491528652367243,0.0001578342957597,0.0007891714787985001,0.0005986818115023103,0.0008708099076397242,0.00016327685768244827,0.00021770247690993104,0.0001578342957597,0.0002884557819056586,2.1770247690993106e-05,0.00019593222921893795,5.442561922748276e-05,7.619586691847586e-05,5.4425619227482765e-06,5.4425619227482765e-06,5.4425619227482765e-06,1.6327685768244828e-05,1.0885123845496553e-05,5.4425619227482765e-06
n,0.05267580543059936,0.1101581450587372,0.08706661363419922,0.05360574095133524,0.029001663800299147,0.04092276493358804,0.036934125832600403,0.05063106768922227,0.017674376915191,0.006705619387475001,0.16222333017752805,0.03870996655593338,0.02332681631532657,0.003831782507128572,0.07003646915807223,0.06372299125524489,0.022777818236819843,0.046003798170379875,0.010274106897768715,0.005719663654646596,0.0007506708420398079,0.00010643840297579367,0.008660724789504052,0.006335885987664349,0.0016862083839849417,0.007428280123468548,0.00519307366097688,0.006212641521060798,0.008290991389693402,7.282627572027988e-05,0.006806455769241542,0.0005153859512512114,0.0008907213722711154,0.0024648893320710114,0.0014117093447315791,0.0020559417837955935,0.0002520909544163534,0.00029130510288111953,0.00020727478474233505,0.00014005053023130744,0.00012324446660355056,0.0018542690202625106,0.00014005053023130744,0.00013444850902205515,0.00010643840297579367,0.0021679822079806394,0.00016245861506831665,0.0008066910541323309,0.0006162223330177528,0.0008963233934803677,0.00016806063627756895,0.00022968286957934423,0.00015685659385906436,0.0002520909544163534,2.2408084837009193e-05,0.00020167276353308272,5.602021209252298e-05,7.842829692953218e-05,5.602021209252298e-06,5.602021209252298e-06,5.602021209252298e-06,1.6806063627756894e-05,1.1204042418504596e-05,5.602021209252298e-06
u,0.056989636680289,0.1187787031768202,0.08615407606665172,0.060179676857551774,0.028917283120376596,0.03945303743555257,0.03595261497077233,0.0509141907931417,0.01799642485587341,0.006880140706637008,0.1507595744313969,0.040677323125204765,0.0244914616131832,0.003931508975221147,0.0682438685128665,0.06444455940084723,0.023583306031187672,0.03745854384724593,0.00980578115749602,0.00568459411768087,0.0007702078986544353,0.00010920858264503187,0.009167773122043464,0.007035331850395737,0.0017300938619028733,0.007495157461532714,0.005316733628771288,0.005914506923249358,0.008368826122692968,7.472166180975865e-05,0.006000724225337541,0.0005287994528075227,0.0009139034021347404,0.0025290408612533696,0.0014541984952206875,0.002023232689002696,0.0002586519062645492,0.00028739100696061016,0.00019542588473321493,0.00013794768334109288,0.0001264520430626685,0.0019025284660792393,0.0001264520430626685,0.00013794768334109288,0.00010920858264503187,0.0022473976744319716,0.00016668678403715392,0.0007989469993504964,0.0006322602153133424,0.0009196512222739526,0.00017243460417636612,0.00020692152501163933,0.00016668678403715392,0.0002586519062645492,2.2991280556848814e-05,0.00020692152501163933,5.7478201392122035e-05,8.046948194897085e-05,5.7478201392122035e-06,5.7478201392122035e-06,5.7478201392122035e-06,1.724346041763661e-05,1.1495640278424407e-05,5.7478201392122035e-06
d,0.053777332589666826,0.12739462511240368,0.08960991656517137,0.054397687045405395,0.029247720624224555,0.038461976255790925,0.03416502566787702,0.05234880994388353,0.017796774156830158,0.006812516362560186,0.14991519925329813,0.039309983722809694,0.023698678474269517,0.003892866492891535,0.07473848360329187,0.06262165207790286,0.022941732211762832,0.03653830831047317,0.009840301412586934,0.00559457275221108,0.0007626375877886924,0.00010813518035809819,0.008798788885979989,0.0064368888939478446,0.0017130889098835554,0.007449944794144765,0.00527585853641879,0.005987274196669437,0.008024768647627287,6.829590338406201e-05,0.005850682389901312,0.0005236019259444754,0.0009049207198388217,0.0025041831240822736,0.0014342139710653023,0.001935050595881757,0.00025610963769023257,0.00029594891466426873,0.00019919638487018087,0.00013659180676812402,0.00012520915620411368,0.0018838286683437106,0.00012520915620411368,0.00013659180676812402,0.00010813518035809819,0.002134246980751938,0.00016504843317814987,0.0007967855394807235,0.0006260457810205684,0.0009106120451208269,0.00017073975846015503,0.00021057903543419122,0.00016504843317814987,0.00025610963769023257,2.276530112802067e-05,0.00020488771015218603,5.691325282005168e-05,7.967855394807235e-05,5.691325282005168e-06,5.691325282005168e-06,5.691325282005168e-06,1.7073975846015503e-05,1.1382650564010336e-05,5.691325282005168e-06
c,0.054574969134391145,0.11111619186977,0.0891444510494307,0.05471214961818099,0.031408614934382004,0.038622022040331064,0.0346152087429695,0.0588047007179112,0.018004938497416433,0.006841876629018245,0.1492295029493804,0.040142439069001785,0.023800813937537153,0.003909643788010426,0.07678677580136266,0.06288582011065892,0.022960583474324385,0.03897640495678815,0.009728382642096118,0.005595820567927203,0.0007659243678266039,0.00010860121633362293,0.008830993643970917,0.006464630298596187,0.001720471900864237,0.0074534729525812795,0.006356029082262563,0.005898760802963098,0.00805935342265307,6.859024189491975e-05,0.005875897388998125,0.0005258585211943848,0.0009088207051076867,0.0025149755361470573,0.0014403950797933147,0.0019433901870227262,0.00026864511408843567,0.00029150852805340894,0.00021720243266724586,0.0001371804837898395,0.00012574877680735286,0.0018919475056015365,0.00012574877680735286,0.0001371804837898395,0.00010860121633362293,0.0021377292057249988,0.00016575975124605606,0.0007945036352828204,0.0006287438840367643,0.00091453655859893,0.00017147560473729936,0.00020577072568475925,0.00016004389775481275,0.00030294023503589555,2.286341396497325e-05,0.00020577072568475925,5.7158534912433125e-05,8.002194887740637e-05,5.7158534912433125e-06,5.7158534912433125e-06,5.7158534912433125e-06,1.7147560473729937e-05,1.1431706982486625e-05,5.7158534912433125e-06
i,0.0543260350497815,0.1108426814434383,0.08696558093436049,0.05848200207235212,0.028494841645267378,0.04269157994323557,0.03836103978015047,0.04859327837095103,0.023539217011307834,0.00674077578051088,0.1478352930576204,0.03962810289678786,0.023860206334189307,0.0038518718745776457,0.07134973194575843,0.06565639500833446,0.02464296977068973,0.0380456818488985,0.009624048294814615,0.0071462359778348425,0.0007546064783529306,0.00010699644096049016,0.009410055412893635,0.006369103932963914,0.0016950488804793442,0.00739401720953282,0.00520903725728702,0.005805964770013966,0.008959544082533676,6.757669955399378e-05,0.006560571248366897,0.0005180880299139524,0.0008953912690904176,0.002477812316979772,0.0014191106906338694,0.002601702932828761,0.00025341262332747666,0.0002815695814749741,0.0002196242735504798,0.00013515339910798757,0.0001238906158489886,0.0018639906293643285,0.0001238906158489886,0.00013515339910798757,0.00010699644096049016,0.002162454385727801,0.00016331035725548497,0.0007883948281299275,0.000619453079244943,0.0009010226607199171,0.00016894174888498447,0.00020273009866198134,0.00016331035725548497,0.00025341262332747666,2.2525566517997927e-05,0.00020273009866198134,5.6313916294994816e-05,7.883948281299275e-05,5.631391629499482e-06,5.631391629499482e-06,5.631391629499482e-06,1.6894174888498446e-05,1.1262783258998964e-05,5.631391629499482e-06
ã,0.05465643529822114,0.11023718172305545,0.08596674805255203,0.055563306592256716,0.029240785955121498,0.03928031624229741,0.03489710498779212,0.0501511452156726,0.01785257528194396,0.01391698639693059,0.15175560981281247,0.0401464945936519,0.02420648761771887,0.007952563655388909,0.06899779095454017,0.06395767933961168,0.023351935821416113,0.03725729566329496,0.009894198349029182,0.005691198697825834,0.0007789791884664573,0.00011045227299151262,0.008981513777467736,0.006574816881757935,0.0034995930705731893,0.007580513893733287,0.005377281711428904,0.005981862574119289,0.00819672131147541,6.975933031042901e-05,0.00597604929659342,0.0005348215323799559,0.0009243111266131845,0.005109870945238926,0.0014649459365190093,0.001976514358795489,0.0002615974886641088,0.00029066387629345423,0.0001976514358795489,0.00013951866062085803,0.00012789210556911988,0.003848389722125334,0.00012789210556911988,0.00013951866062085803,0.00011045227299151262,0.0021741657946750376,0.00016858504825020346,0.0008080455760958029,0.0012731077781653296,0.0009301244041390535,0.00017439832577607255,0.00020927799093128707,0.00016277177072433437,0.0002615974886641088,4.650622020695268e-05,0.00020927799093128707,5.813277525869085e-05,8.138588536216719e-05,5.813277525869085e-06,5.813277525869085e-06,5.813277525869085e-06,3.487966515521451e-05,2.325311010347634e-05,1.162655505173817e-05
³,0.055317198170982566,0.11145134178881666,0.08691359185640568,0.06195267593713634,0.029562846026353836,0.039824621207668706,0.035287341459687566,0.050703513453152,0.01804920480058303,0.007035134531519989,0.15367390358868266,0.04083551773183031,0.024502486100172794,0.004020076875154279,0.0697577374725236,0.06470325485171559,0.023955896700480764,0.03767940474651182,0.010003173744901438,0.005783268487064051,0.0007875589199863647,0.00011166880208761887,0.009080436801335324,0.006647232376899839,0.0017690689172828041,0.007664006206434474,0.0054365074700551295,0.006047747228850517,0.008322264408214122,7.052766447639086e-05,0.006041869923477484,0.0005407120943189967,0.0009344915543121789,0.002586014364134332,0.0015692405345996967,0.0019982838268310745,0.00026447874178646576,0.0002938652686516286,0.00019982838268310744,0.00014105532895278172,0.0001293007182067166,0.0019453880784737814,0.0001293007182067166,0.00014105532895278172,0.00011166880208761887,0.0022039895148872144,0.00017044185581794458,0.0008169454468515275,0.000646503591033583,0.0009403688596852115,0.00017631916119097715,0.0002115829934291726,0.00016456455044491203,0.00026447874178646576,2.350922149213029e-05,0.0002115829934291726,5.877305373032572e-05,8.228227522245601e-05,5.877305373032572e-06,5.877305373032572e-06,5.877305373032572e-06,1.7631916119097715e-05,1.1754610746065144e-05,5.877305373032572e-06
 ,0.052421380745844744,0.11474258410491453,0.08498159484040317,0.052170168261096925,0.029202169655582557,0.05109867011186646,0.04039394219036779,0.04710490428291653,0.016251909727562623,0.0061367621274108705,0.13383473294574835,0.048919786315584406,0.033806022947491465,0.0035067212156633548,0.06291078368041671,0.06562285315861249,0.02550063059460457,0.037240969167512586,0.008741169112143303,0.006418735324576784,0.0011022588616485692,0.0001076624934633486,0.008843704820203637,0.00962297620146216,0.0015431624063079968,0.012437581387718272,0.007946517374675732,0.0052805889651070985,0.008382294133932142,9.228213725429881e-05,0.0074492191905831204,0.0007638910250494735,0.0008202856644826561,0.002255785577327304,0.0013022034923662166,0.0019020373845191588,0.00030760712418099605,0.00025633927015083005,0.00025633927015083005,0.00015893034749351462,0.00011278927886636521,0.0016969659683984948,0.00011278927886636521,0.00015380356209049803,0.0001230428496723984,0.0021840105816850718,0.00015893034749351462,0.0010099767243942704,0.000563946394331826,0.0008459195914977391,0.0001948178453146308,0.00019994463071764743,0.0001435499912844648,0.0002460856993447968,2.0507141612066402e-05,0.00018456427450859762,8.715535185128222e-05,7.17749956422324e-05,5.1267854030166004e-06,1.0253570806033201e-05,5.1267854030166004e-06,1.53803562090498e-05,1.0253570806033201e-05,5.1267854030166004e-06
l,0.05347018850757727,0.11210940831935401,0.09757470643427824,0.054351596485741095,0.029450399476841718,0.038537431406556535,0.034192943049671604,0.051315003838389585,0.0182877939211282,0.006806744192658725,0.1571123937334736,0.040243382332034915,0.023695658354894657,0.0038895681100906995,0.07289528304569105,0.06258565295271673,0.023195246083421002,0.03721247618776833,0.010008245429473145,0.00569787609109778,0.0007619914133803417,0.00010804355861363055,0.00879133376929857,0.006442807995223338,0.001711637428563305,0.00744931904125558,0.005260015353558329,0.006118677319382446,0.008376219044098831,6.823803701913508e-05,0.005868471183645617,0.000523158283813369,0.0009041539905035399,0.0025020613573682863,0.0014329987774018367,0.001933411048875494,0.0002558926388217566,0.0002843251542463962,0.0001933411048875494,0.00013647607403827016,0.0001251030678684143,0.0018822325211111427,0.0001251030678684143,0.00013647607403827016,0.00010804355861363055,0.0021267521537630435,0.00016490858946290979,0.0008131699411446931,0.0006255153393420716,0.0009098404935884678,0.0001705950925478377,0.00021040061414233317,0.00017628159563276563,0.0002558926388217566,2.2746012339711693e-05,0.00020471411105740526,5.686503084927924e-05,7.961104318899092e-05,5.686503084927923e-06,5.686503084927923e-06,5.686503084927923e-06,1.705950925478377e-05,1.1373006169855846e-05,5.686503084927923e-06
p,0.05977598447256994,0.11360787462524478,0.08949067949836234,0.0552124912629323,0.030540745062473645,0.039032308376609495,0.034728760982710716,0.050602785463829986,0.01795359100703009,0.006914558698653481,0.15080323257063305,0.04147002247087163,0.024088312258467012,0.003951176399230561,0.0745697896749522,0.0635654168086741,0.023204496484954915,0.03731088941904998,0.009831728408611715,0.005655265635740816,0.0007740608735334724,0.00010975489997862668,0.008924806340367275,0.006539081409252916,0.00173874867860877,0.007532652082743642,0.005343330656854194,0.005944094319895098,0.008144968893150717,6.931888419702738e-05,0.005938317746212012,0.0005314447788438765,0.0009184752156106127,0.0025416924205576706,0.0014556965681375748,0.001964035052249109,0.00025994581573885264,0.00028882868415428073,0.0002021800789079965,0.00013863776839405476,0.00012708462102788352,0.0019120458891013384,0.00012708462102788352,0.00013863776839405476,0.00010975489997862668,0.00216043855747402,0.00016752063680948283,0.0008029437419489004,0.0006354231051394177,0.0009242517892936983,0.00017329721049256843,0.00020795665259108214,0.00016174406312639722,0.00025994581573885264,2.310629473234246e-05,0.00020795665259108214,5.776573683085614e-05,8.087203156319861e-05,5.776573683085615e-06,5.776573683085615e-06,5.776573683085615e-06,1.7329721049256845e-05,1.155314736617123e-05,5.776573683085615e-06
­,0.055460906781109806,0.11180018038942895,0.08888600685008223,0.05649254567212748,0.029652249267536387,0.03988610706643165,0.035582699121043664,0.05085684978748239,0.018103788767515755,0.007056410014560846,0.15423885682620717,0.040711418179245784,0.024547110526843243,0.004032234294034769,0.07016912982733313,0.06519957791231659,0.02370411417589738,0.038494868333402106,0.010151326687613848,0.005783072869076182,0.0007899406365506712,0.00011200650816763248,0.009113792717218938,0.006667334775662754,0.0017744188925503882,0.007687183507925934,0.005452948423950528,0.00608961699669286,0.008312061921913779,7.074095252692577e-05,0.006148567790465299,0.000542347302706431,0.0009373176209817666,0.0025938349259872783,0.0014855600030654413,0.002004326988262897,0.00026527857197597166,0.00029475396886219075,0.0002004326988262897,0.00014148190505385155,0.00012969174629936392,0.0019512712738677027,0.00012969174629936392,0.00014148190505385155,0.00011200650816763248,0.0022106547664664305,0.0001709573019400706,0.0008194160334368902,0.0006484587314968196,0.0009432127003590103,0.00017685238131731444,0.00021222285758077734,0.0001650622225628268,0.00026527857197597166,2.358031750897526e-05,0.00021222285758077734,5.895079377243814e-05,8.25311112814134e-05,5.895079377243815e-06,5.895079377243815e-06,5.895079377243815e-06,1.7685238131731443e-05,1.179015875448763e-05,5.895079377243815e-06
o,0.06053047816036014,0.10499507792365805,0.08180048446504219,0.06133238947449922,0.027834618234910243,0.03913880255284319,0.034808481456492166,0.0477386100941278,0.01698945901403621,0.006619916158789501,0.16163766881615768,0.04001813978696811,0.024754172704044952,0.0037828092335940007,0.0657235452222677,0.07319514650090146,0.025843666006702872,0.036274043513367035,0.011425853620767843,0.00560231835326129,0.0007410766627216317,0.00010507803426650001,0.010546516386642923,0.006824541804466369,0.0016646572796956056,0.007233793095820107,0.0053755710161598955,0.006885376455883817,0.00847260781559358,7.189549712971054e-05,0.005851187381787211,0.0005087989027641053,0.0008793372341249212,0.002433386056697895,0.0014434403654503423,0.0018969350396531319,0.0002488690285259211,0.0002986428342311053,0.00018803437710847372,0.0001327301485471579,0.00012166930283489475,0.001830569965379553,0.00016591268568394739,0.0001327301485471579,0.00010507803426650001,0.0020739085710493425,0.0001603822628278158,0.0008350938512758686,0.0006083465141744738,0.0008848676569810528,0.00016591268568394739,0.00022674733710139477,0.00018803437710847372,0.0002488690285259211,2.212169142452632e-05,0.00019909522282073687,5.53042285613158e-05,7.742591998584212e-05,5.53042285613158e-06,5.53042285613158e-06,5.53042285613158e-06,1.6591268568394738e-05,1.106084571226316e-05,5.53042285613158e-06
s,0.05272546415413085,0.11246394851931915,0.08478419125206306,0.05312001600435674,0.029869242182594152,0.03770470850398164,0.03393145911942696,0.053859106089991164,0.017615906552339248,0.006651810770709804,0.16974620869014342,0.03856049702418992,0.024917894315674823,0.003801034726119888,0.06907991619940984,0.06113886558007458,0.022567254419258578,0.04310062183594423,0.011736528277142111,0.005457041083406038,0.0007446471539474635,0.00010558429794777467,0.008596784680274075,0.006285044262049113,0.0016726775622252724,0.007263088285144289,0.005145845257875755,0.007296430695022534,0.0079188223460831,6.668481975648927e-05,0.005873821206884096,0.000511250284799751,0.0008835738617734828,0.0024451100577379398,0.0014003812148862746,0.0018894032264338625,0.00025006807408683475,0.00032786703046940556,0.00018894032264338625,0.00013336963951297853,0.000122255502886897,0.0018393896116164956,0.00014448377613906008,0.00013336963951297853,0.00010558429794777467,0.002078343549077249,0.0001611549810781824,0.0008113319737039527,0.0006112775144344849,0.0008891309300865236,0.00016671204939122317,0.0002389539374607532,0.00019449739095642703,0.00025006807408683475,2.222827325216309e-05,0.00020561152758250857,6.668481975648927e-05,7.779895638257081e-05,5.557068313040772e-06,5.557068313040772e-06,5.557068313040772e-06,1.6671204939122317e-05,1.1114136626081544e-05,5.557068313040772e-06
m,0.05435750378687141,0.11533480568435416,0.08856653908860701,0.055265196628239074,0.03010418232484997,0.03906548107720593,0.03471780581154678,0.05397014442144699,0.019026860770324804,0.006920435230045211,0.1509429598880705,0.03992692205404531,0.026525444306973626,0.003954534417168692,0.07241307540210215,0.06362522114172728,0.02322421747626701,0.03705352497022536,0.009851647144525513,0.005660071921649341,0.0007747187308488374,0.0001098481782546859,0.010649491807638495,0.0065388573476868285,0.001740226402876866,0.007539053918111074,0.005347871836083392,0.005960709041083219,0.0081518911231109,6.937779679243319e-05,0.00594336459188511,0.0005318964420753211,0.0009192558074997398,0.0025438525490558838,0.0014569337326410972,0.001965704242452274,0.00028907415330180496,0.00028907415330180496,0.00019657042424522738,0.00013875559358486638,0.0001271926274527942,0.001913670894857949,0.0001271926274527942,0.00013875559358486638,0.0001098481782546859,0.002162274666697501,0.0001676630089150469,0.0008036261461790179,0.0006359631372639709,0.000925037290565776,0.000173444491981083,0.00020813339037729957,0.0001618815258490108,0.0002601667379716245,2.3125932264144398e-05,0.00020813339037729957,5.7814830660361e-05,8.09407629245054e-05,5.7814830660360995e-06,5.7814830660360995e-06,5.7814830660360995e-06,1.7344449198108298e-05,1.1562966132072199e-05,5.7814830660360995e-06
t,0.05849177111965237,0.11737702300436821,0.0927303002999578,0.05450563989096591,0.030298018909887203,0.03853260187730243,0.03424423180008896,0.05398670149066481,0.01832821998426077,0.006826035880883678,0.1489125104072811,0.039387994844831714,0.023745708778612894,0.0039005919319335305,0.07434505411786174,0.06274592547816467,0.022907423670434197,0.03657090067176861,0.009705858871565597,0.005582864768074454,0.0007641510509928261,0.00010834977588704251,0.008810547565551614,0.006449662975170793,0.0017164885548420945,0.007436216197721233,0.005309139018465083,0.00587369837703441,0.008040693894775259,6.843143740234264e-05,0.005862293137467353,0.0005246410200846268,0.0009067165455810399,0.0025091527047525633,0.0014370601854491953,0.0019617012055338223,0.0002566178902587849,0.00028513098917642765,0.0001938890726399708,0.00013686287480468528,0.00012545763523762817,0.001887567148347951,0.00012545763523762817,0.00013686287480468528,0.00010834977588704251,0.0021327797990396786,0.00016537597372232805,0.0007926641499104689,0.0006272881761881408,0.0009124191653645685,0.0001710785935058566,0.0002052943122070279,0.00015967335393879948,0.0002566178902587849,2.2810479134114213e-05,0.0002052943122070279,5.7026197835285533e-05,7.983667696939974e-05,5.702619783528553e-06,5.702619783528553e-06,5.702619783528553e-06,1.710785935058566e-05,1.1405239567057107e-05,5.702619783528553e-06
",",0.05509490128976684,0.11112152873408301,0.08665639228601063,0.056009047705551096,0.029475361996120737,0.03959543161188625,0.03517705726892898,0.050553468775454,0.017995792582522225,0.007014315767267698,0.16291729904893612,0.04046855863721865,0.024400677405933748,0.004008180438438685,0.0695513064675859,0.06447076196447721,0.023539270206444734,0.03755618191513674,0.00997357179272316,0.00573685475033841,0.0007910882444286878,0.00011719825843387967,0.009053565464017204,0.0066275615144358955,0.001763833789429889,0.007641326449888955,0.0054204194525669346,0.006029850396423109,0.008262477219588516,7.03189550603278e-05,0.006023990483501415,0.0005391119887958465,0.0009317261545493434,0.0025783616855453526,0.001476698056266884,0.0019923703933759545,0.00026369608147622925,0.0002929956460846992,0.00019923703933759544,0.0001406379101206556,0.00012891808427726765,0.0019396311770807086,0.00012891808427726765,0.0001406379101206556,0.00011133834551218569,0.00219160743271355,0.0001757973876508195,0.0008145278961154637,0.0006445904213863382,0.0009375860674710373,0.0001757973876508195,0.0002109568651809834,0.00016407756180743154,0.0002754159073196172,2.3439651686775934e-05,0.0002109568651809834,5.8599129216939834e-05,8.203878090371577e-05,5.859912921693984e-06,5.859912921693984e-06,5.859912921693984e-06,1.757973876508195e-05,1.1719825843387967e-05,5.859912921693984e-06
v,0.05532931594557695,0.11307730332846853,0.08856692246127772,0.05624735181959418,0.029624311473094488,0.03976390000470788,0.03532672661362459,0.05191610564474366,0.018284214490843182,0.007044159879478367,0.15362388776422956,0.040640741961301255,0.024504496021844548,0.004025234216844782,0.0711948589991055,0.06474506849959984,0.023639423755943693,0.0377159738242079,0.010021891624688103,0.00576126359399275,0.0007885692763994162,0.0001118120615790217,0.009092086059978344,0.0066557600866249235,0.0017713384492255544,0.007673838331528647,0.005443481945294477,0.006055505861305965,0.008297631938232663,7.06181441551716e-05,0.0060496210159597,0.0005414057718563156,0.0009356904100560237,0.002589331952356292,0.0014829810272586035,0.002000847417729862,0.00026481804058189353,0.000294242267313215,0.00020008474177298622,0.0001412362883103432,0.0001294665976178146,0.0019478838096134833,0.0001294665976178146,0.0001412362883103432,0.0001118120615790217,0.002200932159502848,0.0001706605150416647,0.0008179935031307377,0.000647332988089073,0.000941575255402288,0.000176545360387929,0.0002118544324655148,0.0001647756696954004,0.00026481804058189353,2.3539381385057202e-05,0.0002118544324655148,5.8848453462643e-05,8.23878348477002e-05,5.8848453462643005e-06,5.8848453462643005e-06,5.8848453462643005e-06,1.76545360387929e-05,1.1769690692528601e-05,5.8848453462643005e-06
1,0.05560582672415323,0.11215202001383935,0.0874600048496892,0.056528450524298716,0.029748703299562935,0.03996262190758385,0.03550327354021398,0.05102227899907146,0.018162677501582063,0.007079363389577899,0.154509915248724,0.04084384592182538,0.024626958357729635,0.004045350508330228,0.07019629412773608,0.06507454918590277,0.023757562853746386,0.03790446112264391,0.01008971925030902,0.005790055771425868,0.000816167207821011,0.00012419935771189298,0.00913752417451784,0.006689022551054807,0.001780190793870466,0.00771218868839564,0.005470685994452429,0.006097597038141032,0.008339099732084243,7.097106154965313e-05,0.006079854272753618,0.0006032540231720516,0.0010468231578573837,0.0026022722568206148,0.0014903922925427156,0.0020108467439068386,0.00026614148081119924,0.000295712756456888,0.00020108467439068387,0.00014194212309930627,0.00013011361284103075,0.0019576184477445987,0.00013011361284103075,0.00015377063335758178,0.00011828510258275522,0.0022119314182975224,0.00018925616413240835,0.0008220814629501487,0.0006505680642051537,0.0012656505976354807,0.0001951704192615461,0.00021291318464895938,0.0001655991436158573,0.00030754126671516356,2.3657020516551044e-05,0.00021882743977809716,5.914255129137761e-05,9.462808206620418e-05,5.914255129137761e-06,5.914255129137761e-06,5.914255129137761e-06,1.7742765387413283e-05,1.1828510258275522e-05,5.914255129137761e-06
7,0.05564367217461295,0.11222835093035367,0.08751953032526869,0.056566923914587376,0.029768950333791015,0.039989820557738746,0.035527437147862315,0.05105700487666304,0.018175039060650537,0.007084181620188438,0.15452038255764405,0.040871644335022016,0.02464371952085602,0.004048103782964821,0.07024406988305477,0.06511292078973534,0.02377373230434165,0.037930258983949625,0.010090668055489797,0.0057939964963780125,0.0007930495715165001,0.00011244732730457838,0.009143743193977557,0.00669357511481464,0.0017814023957198996,0.0077174376213247475,0.005474409355617632,0.00610174707636949,0.008344775342076607,7.101936461341793e-05,0.0060839922352161355,0.0005444817953695375,0.0009410065811277875,0.002604043369158657,0.0014914066568817764,0.0020122153307135077,0.0002781591780692202,0.0002959140192225747,0.00020122153307135078,0.00014203872922683586,0.00013020216845793285,0.0019589508072534443,0.00013020216845793285,0.00014795700961128734,0.00011836560768902987,0.002213436863784859,0.00017163013114909333,0.0008226409734387577,0.0006510108422896643,0.000946924861512239,0.0001834666919179963,0.00021305809384025378,0.0001657118507646418,0.00026632261730031724,2.3673121537805975e-05,0.00023081293499360825,5.9182803844514935e-05,9.46924861512239e-05,5.918280384451494e-06,5.918280384451494e-06,5.918280384451494e-06,1.7754841153354482e-05,1.1836560768902987e-05,5.918280384451494e-06
b,0.05723955095193966,0.11203913334193578,0.08829636233533145,0.05606062383426983,0.029936537356153297,0.03963189320445294,0.03521531549497343,0.05220711579293113,0.018147266179454995,0.007020774924630779,0.1531373538071721,0.041831384095628,0.02442314685560782,0.004011871385503302,0.06993794503032365,0.06479993430853871,0.023566811735310333,0.03760249627552876,0.009988621300456321,0.005783194716529614,0.0007859514117798867,0.00011144087181953618,0.009061902471641231,0.006633664527783969,0.0017654580219831782,0.007648362992246061,0.005425410864898472,0.006041268314427487,0.008270085750818211,7.038370851760179e-05,0.0060295376963412205,0.0005396084319682804,0.0009325841378582237,0.0025807359789787325,0.0014780578788696377,0.0019942050746653843,0.00026393890694100674,0.0003049960702429411,0.00019942050746653842,0.00014076741703520357,0.00012903679894893662,0.0019414172932771827,0.00012903679894893662,0.00014076741703520357,0.00011144087181953618,0.0025807359789787325,0.000170093962250871,0.0008152779569955541,0.0006451839947446831,0.0009384494469013572,0.0001759592712940045,0.00021115112555280537,0.0001642286532077375,0.00026393890694100674,2.346123617253393e-05,0.00021115112555280537,5.865309043133483e-05,8.211432660386875e-05,5.8653090431334825e-06,5.8653090431334825e-06,5.8653090431334825e-06,1.7595927129400447e-05,1.1730618086266965e-05,5.8653090431334825e-06
y,0.05527986829727187,0.11179444967074317,0.0875293979303857,0.056214722483537156,0.029750705550329257,0.039728363123236125,0.03529515522107244,0.05072318908748824,0.01808560677328316,0.007037864534336783,0.15830197554092193,0.040604421448730006,0.024482596425211667,0.004021636876763876,0.07025517403574788,0.06468720602069614,0.0236241768579492,0.03768226716839135,0.010236359360301034,0.005756114769520226,0.0007878645343367827,0.00011171213546566321,0.009083960489181562,0.006649811853245532,0.001769755409219191,0.007666980244590781,0.005438617121354657,0.006073612417685795,0.00829021636876764,7.055503292568203e-05,0.006044214487300094,0.0005409219190968956,0.0009348541862652869,0.0025870178739416747,0.0014816556914393226,0.0019990592662276576,0.0002645813734713076,0.00029397930385700844,0.00019990592662276575,0.00014111006585136406,0.00012935089369708373,0.001946142991533396,0.00012935089369708373,0.00014111006585136406,0.00011171213546566321,0.0021989651928504233,0.0001705079962370649,0.0008172624647224835,0.0006467544684854187,0.0009407337723424271,0.0001763875823142051,0.0002116650987770461,0.00016462841015992474,0.0002645813734713076,2.3518344308560677e-05,0.0002116650987770461,5.8795860771401695e-05,8.231420507996237e-05,5.879586077140169e-06,5.879586077140169e-06,5.879586077140169e-06,1.7638758231420507e-05,1.1759172154280339e-05,5.879586077140169e-06
±,0.05555096011816839,0.11204726735598228,0.08771048744460856,0.056472673559822745,0.029719350073855243,0.039923190546528806,0.035468242245199406,0.050971935007385526,0.018144756277695715,0.007072378138847858,0.15423929098966027,0.04080354505169867,0.024602658788774004,0.004041358936484491,0.07156277695716395,0.06500443131462334,0.023734121122599705,0.037867060561299855,0.010056129985228951,0.005784342688330871,0.0007917282127031019,0.00011225997045790251,0.00912850812407681,0.006682422451994092,0.001778434268833087,0.007704579025110783,0.005465288035450517,0.006079763663220088,0.008330871491875924,7.090103397341211e-05,0.006073855243722304,0.0005435745937961595,0.0009394387001477104,0.002599704579025111,0.0014889217134416543,0.0020088626292466766,0.0002658788774002954,0.0002954209748892171,0.00020088626292466766,0.00014180206794682423,0.00012998522895125555,0.0019556868537666176,0.00012998522895125555,0.00014180206794682423,0.00011225997045790251,0.0022097488921713443,0.00017134416543574594,0.0008212703101920237,0.0006499261447562777,0.0009453471196454948,0.00017725258493353027,0.00021270310192023634,0.0001654357459379616,0.0002658788774002954,2.363367799113737e-05,0.00021270310192023634,5.9084194977843426e-05,8.27178729689808e-05,5.908419497784342e-06,5.908419497784342e-06,5.908419497784342e-06,1.772525849335303e-05,1.1816838995568685e-05,5.908419497784342e-06
q,0.05522369649874011,0.11138129724586351,0.08685896871127087,0.05613997991224824,0.03720345603308018,0.039687993750477234,0.035259290585187925,0.05067164748932471,0.018037861300535085,0.007030713115187398,0.1533306314719858,0.04056316188261,0.02445771880671706,0.0040175503515356556,0.06971389637774371,0.06462147509882352,0.0235942978978344,0.03764397690495909,0.009996886985838723,0.005750265780926034,0.0007870639577569852,0.00011159862087599044,0.009074729960705538,0.006643054747933957,0.0017679570991406906,0.007659189559067975,0.005433090753173219,0.00604394636217864,0.008281792391323501,7.048333950062554e-05,0.006038072750553588,0.0005403722695047958,0.0009339042483832884,0.0025843891150229364,0.0014801501295131363,0.0019970279525177237,0.00026431252312734575,0.0002936805812526064,0.00019970279525177237,0.00014096667900125108,0.00012921945575114683,0.0019441654478922544,0.00012921945575114683,0.00014096667900125108,0.00011159862087599044,0.002196730747769496,0.00017033473712651172,0.0008164320158822458,0.0006460972787557341,0.0009397778600083405,0.00017620834875156386,0.00021145001850187662,0.0001644611255014596,0.00026431252312734575,2.3494446500208513e-05,0.00021145001850187662,5.873611625052128e-05,8.22305627507298e-05,5.873611625052128e-06,5.873611625052128e-06,5.873611625052128e-06,1.7620834875156385e-05,1.1747223250104256e-05,5.873611625052128e-06
h,0.05541165805243887,0.11252457703945278,0.09011384908814768,0.05626523187774468,0.02973968941686191,0.039776540259250974,0.03533795636766074,0.05086711327218998,0.018119311960629644,0.007046399095800417,0.1537080424314492,0.04065954766473975,0.024512285576368368,0.004026513769028809,0.07088194779660219,0.06476564983458329,0.02364693831898937,0.03773384979455361,0.0100839445706818,0.005763094999823398,0.0007888199489033048,0.00011184760469524471,0.009094976276534373,0.00666964926945854,0.00177190152701414,0.007676277711715742,0.005451099049884032,0.006069204233726174,0.008300269611594475,7.064059243910193e-05,0.006051544085616398,0.0005415778753664481,0.0009359878498181004,0.0025901550561004036,0.0014834524412211405,0.0020014834524412213,0.0002649022216466322,0.00030022251786618315,0.00020014834524412212,0.00014128118487820386,0.0001295077528050202,0.0019485030081118947,0.0001295077528050202,0.00014128118487820386,0.00011184760469524471,0.002207518513721935,0.00017071476506116297,0.000818253529086264,0.0006475387640251009,0.0009418745658546923,0.0001766014810977548,0.00021192177731730577,0.00016482804902457116,0.0002649022216466322,2.3546864146367308e-05,0.00021192177731730577,5.886716036591827e-05,8.241402451228558e-05,1.1773432073183654e-05,5.886716036591827e-06,5.886716036591827e-06,1.7660148109775482e-05,1.1773432073183654e-05,5.886716036591827e-06
.,0.05536010542540799,0.11290872936497665,0.08729953288072574,0.056507312711056724,0.029627363541164152,0.039916930426290465,0.035592841426537555,0.05079480873995458,0.018084693313252305,0.0070420877995975946,0.15396110084834508,0.04113473508336373,0.025179729141418302,0.004024050171198626,0.0698678652531504,0.06561437362482203,0.023797197284354445,0.03791078845497653,0.01001306051371354,0.0057772182282413015,0.0008001035428114227,0.00011177917142218405,0.00910706091376531,0.006812646342467849,0.0017708173998988105,0.007759827742413724,0.005547776771111556,0.006106672628222476,0.008318723599524644,7.059737142453729e-05,0.006071373942510208,0.0005471296285401641,0.0009589476285166316,0.0025885702855663675,0.0014825447999152832,0.0020002588570285566,0.0003529868571226865,0.0002941557142689054,0.00020002588570285567,0.00019414277141747754,0.00012942851427831837,0.0019473108284601536,0.00012942851427831837,0.00014119474284907457,0.00011177917142218405,0.0022002847427314122,0.00017061031427596514,0.000817752885667557,0.0006471425713915919,0.0009412982856604972,0.00017649342856134324,0.00021179211427361188,0.000164727199990587,0.00026474014284201487,2.353245714151243e-05,0.00021179211427361188,6.471425713915919e-05,8.23635999952935e-05,5.8831142853781076e-06,5.8831142853781076e-06,5.8831142853781076e-06,1.7649342856134322e-05,1.1766228570756215e-05,5.8831142853781076e-06
g,0.057097071478466065,0.11177572068396739,0.08815501382374867,0.05624592771734983,0.03129861058118444,0.039663299268016365,0.035237351710211966,0.05225435697556337,0.018185126703021266,0.007026338496938817,0.1532469666997341,0.04067293186740941,0.02444250083646887,0.004015050569679325,0.07036904419490606,0.06458126661931568,0.02357961716140621,0.03762642419831062,0.010002406682359018,0.005746687876777863,0.0007865742344108618,0.00011152918249109234,0.009069083523617771,0.006638921336706602,0.0017668570489378314,0.0076544238930728635,0.005429710200224232,0.006046055682411848,0.008276639332233694,7.043948367858463e-05,0.006034315768465417,0.0005400360415358155,0.0009333231587412464,0.00258278106821477,0.0014792291572502773,0.0019957853708932314,0.00026414806379469237,0.0002934978486607693,0.00019957853708932314,0.00014087896735716926,0.0001291390534107385,0.0019429557581342929,0.0001291390534107385,0.00014087896735716926,0.00011152918249109234,0.0021953639079825547,0.0001702287522232462,0.0008159240192769387,0.0006456952670536925,0.0009391931157144618,0.0001760987091964616,0.0002113184510357539,0.0001643587952500308,0.00026414806379469237,2.3479827892861545e-05,0.0002113184510357539,5.8699569732153865e-05,8.21793976250154e-05,5.869956973215386e-06,5.869956973215386e-06,5.869956973215386e-06,1.7609870919646158e-05,1.1739913946430773e-05,5.869956973215386e-06
"""",0.055645977474091654,0.11223891904048863,0.08752907475689656,0.05656926746408934,0.02977018365184865,0.03999147732316925,0.03552890903818041,0.051059120151987734,0.01817579204668533,0.007084475115559212,0.15454453986422903,0.040873337634128586,0.02464474050224608,0.004048271494605264,0.07025289859790129,0.0651156183971449,0.023774717242440565,0.03793183042240517,0.010073330531897894,0.005800155065370115,0.0007930824273057096,0.00011245198596125734,0.009144122016323293,0.006693852427483265,0.0017814761986493924,0.007717757352288398,0.00547463615864016,0.006090162818638621,0.008351039589017584,7.102230692289937e-05,0.006084244293061713,0.0005445043530755619,0.0009410455667284166,0.0026041512538396436,0.0014914684453808868,0.0020122986961488153,0.0002663336509608726,0.00029592627884541406,0.00020122986961488155,0.00014204461384579873,0.00013020756269198217,0.001959031965956641,0.00013020756269198217,0.00014204461384579873,0.00011245198596125734,0.002213528565763697,0.00017163724173034013,0.0008226750551902511,0.0006510378134599109,0.0009469640923053249,0.00017755576730724842,0.0002130669207686981,0.00016571871615343186,0.0002663336509608726,2.3674102307633123e-05,0.0002130669207686981,5.91852557690828e-05,8.285935807671593e-05,5.918525576908281e-06,5.918525576908281e-06,5.918525576908281e-06,1.775557673072484e-05,1.1837051153816562e-05,5.918525576908281e-06
f,0.05568988745536161,0.11253875524335645,0.0873059296257729,0.056231137153850225,0.030180553839637126,0.03975243709443042,0.03531654282638239,0.052312959988704354,0.018273060472887508,0.007042129229248663,0.15357960194614564,0.040817287044717813,0.024497432005506626,0.00402407384528495,0.07164498726298264,0.0647264041605629,0.02363260911770416,0.03770510127840825,0.010013119422039453,0.0057596027697865,0.0007883419521464668,0.00011177982903569307,0.00908946504527083,0.006653841402072045,0.0017708278178812428,0.007671626161186514,0.005447795878265883,0.006053760214617272,0.00829523994422775,7.059778675938509e-05,0.006053760214617272,0.0005412496984886191,0.0009354206745618525,0.002588585514510787,0.001482553521947087,0.002000270624849244,0.0002647417003476941,0.0002941574448307712,0.00020002706248492444,0.00014119557351877017,0.00012942927572553935,0.0019473222847797055,0.00012942927572553935,0.00014119557351877017,0.00011177982903569307,0.0022002976873341687,0.0001706113180018473,0.0008354071433193902,0.0006471463786276967,0.0009413038234584679,0.00017649446689846273,0.0002117933602781553,0.00016472816910523188,0.0002647417003476941,2.3532595586461698e-05,0.0002117933602781553,5.883148896615424e-05,8.236408455261594e-05,5.8831488966154245e-06,5.8831488966154245e-06,5.8831488966154245e-06,1.764944668984627e-05,1.1766297793230849e-05,5.8831488966154245e-06
2,0.055619642571920425,0.1121798853532575,0.08748173520033602,0.056542495607574496,0.0297560946752563,0.039972551037913875,0.035512094698919194,0.05103495601658769,0.018167190208292664,0.0070811223312687455,0.15448914760324417,0.04085399400145527,0.024633077182458694,0.004046355617867855,0.07021373512934732,0.06508480191196218,0.023763465668092357,0.037913878881454796,0.010092226146319532,0.005791494371188055,0.0008341171668411805,0.00012423021633804816,0.00913979448772783,0.0066906845084920225,0.001780633100845357,0.007714104862134039,0.005472045243461645,0.0061286906726770425,0.008341171668411805,7.098869505031324e-05,0.006081364875976834,0.0005560781112274537,0.001206807815855325,0.0026029188185114852,0.001490762596056578,0.0020113463597588753,0.00026620760643867464,0.00029578622937630514,0.00020113463597588752,0.00014197739010062647,0.00013014594092557427,0.00195810483847114,0.00013014594092557427,0.00015972456386320478,0.00013014594092557427,0.0022124809957347626,0.00017155601303825698,0.0008222857176661283,0.0006507297046278713,0.0009583473831792287,0.00017747173762578308,0.00021296608515093972,0.00016564028845073088,0.00030170195396383125,2.3662898350104414e-05,0.00021888180973846582,5.915724587526103e-05,8.282014422536544e-05,5.9157245875261035e-06,5.9157245875261035e-06,5.9157245875261035e-06,1.774717376257831e-05,1.1831449175052207e-05,5.9157245875261035e-06
0,0.05559760626345294,0.112135440073799,0.08744707524185727,0.05652009366795184,0.029744305414291457,0.03995671405255813,0.03549802493081344,0.05101473614494879,0.018159992430872577,0.007078316815289637,0.15448707334957543,0.04083780779147054,0.02462331764316295,0.004044752465879793,0.07018591669229132,0.06505901554036474,0.02375405066584668,0.03789885753482981,0.010076400879911063,0.005789199801310405,0.0008692669773162713,0.0001478345199517468,0.009136173333017953,0.006688033682617026,0.0017799276202190317,0.0077110485606831135,0.005469877238214632,0.006102608983608109,0.00833786692527852,7.687395037490835e-05,0.006078955460415829,0.000555857795018568,0.0013364240603637911,0.0026018875511507437,0.001490171961113608,0.0020105494713437565,0.00027201551671121414,0.0002956690399034936,0.00020105494713437567,0.00014192113915367693,0.0001300943775575372,0.0019573290441611277,0.0001300943775575372,0.00015966128154788656,0.00012418099675946733,0.002211604418478132,0.0002601887551150744,0.0008870071197104809,0.0006504718877876859,0.0009520543084892495,0.00020696832793244555,0.0002128817087305154,0.00016557466234595644,0.00028384227830735386,2.365352319227949e-05,0.0002187950895285853,5.913380798069872e-05,0.00010052747356718783,5.913380798069873e-06,5.913380798069873e-06,5.913380798069873e-06,1.7740142394209616e-05,1.1826761596139745e-05,5.913380798069873e-06
¡,0.05554670019895035,0.11194941820307104,0.08730791255630531,0.05675693226832911,0.02970086605387599,0.039890429720938196,0.03561034069508646,0.05093010762210061,0.018129866756400947,0.007066574570957973,0.1547148870351676,0.04089994037393219,0.024635602075695588,0.004038042611975984,0.07006948503149556,0.06588385314276606,0.023832716410156503,0.037906829841371045,0.010071492245659399,0.005779596077667381,0.000791078523398804,0.00011216785033266623,0.009132824445507087,0.00667693888032871,0.0017769748921122386,0.007698256675462987,0.005460803239879804,0.006080678202244538,0.008335842351038143,7.084285284168394e-05,0.006092485344384818,0.0005431285384529101,0.0009386678001523122,0.0025975712708617444,0.0015467356203767658,0.0020072141638477117,0.00026566069815631474,0.00029517855350701637,0.00020072141638477115,0.00014168570568336787,0.00012987856354308721,0.0019540820242164485,0.00012987856354308721,0.00014168570568336787,0.00011216785033266623,0.0022079355802324826,0.0001712035610340695,0.0008205963787495055,0.0006493928177154361,0.0009445713712224525,0.00017710713210420984,0.0002125285585250518,0.00016529998996392918,0.00026566069815631474,2.3614284280561312e-05,0.0002125285585250518,5.903571070140328e-05,8.264999498196459e-05,5.903571070140328e-06,5.903571070140328e-06,5.903571070140328e-06,1.7710713210420984e-05,1.1807142140280656e-05,5.903571070140328e-06
x,0.05556704747607875,0.11208562597147771,0.08755858416912429,0.05648902784262504,0.029727956690563294,0.03993475215867519,0.03560853659257333,0.05155406882938044,0.018161831194851093,0.007074426274076394,0.15428395813263515,0.040815361611337996,0.024899380027304803,0.004042529299472225,0.07016506994639511,0.06502325636373307,0.02374099443856715,0.038143982600575645,0.01007086246535186,0.0057919279436882765,0.00079195749434105,0.00011229248054089515,0.00913115170714121,0.006684357657460653,0.0017789492969899705,0.007706810243438278,0.005466870763175159,0.0060874344714274735,0.008333284082245377,7.092156665740746e-05,0.006075614210317906,0.0005437320110401239,0.0009397107582106488,0.0026004574441049404,0.0015011731609151247,0.0020094443886265446,0.000265955874965278,0.00029550652773919773,0.0002009444388626545,0.00014184313331481492,0.000130022872205247,0.001956253213633489,0.000130022872205247,0.00014184313331481492,0.00011229248054089515,0.0022103888274891993,0.0001713937860887347,0.0008215081471149698,0.0006501143610262351,0.0009456208887654329,0.00017730391664351865,0.00021276469997222238,0.00016548365553395076,0.000265955874965278,2.364052221913582e-05,0.00021276469997222238,5.9101305547839555e-05,8.274182776697538e-05,5.910130554783955e-06,5.910130554783955e-06,5.910130554783955e-06,1.7730391664351865e-05,1.182026110956791e-05,5.910130554783955e-06
z,0.05553816255043151,0.11201554737756145,0.08837549988481236,0.05645966365209789,0.02971841052874079,0.03991399323051114,0.035542770055939844,0.05098382056719574,0.018276438516383227,0.007070748837786271,0.1544518545209671,0.04079414492376941,0.02459699094447956,0.00404042790730644,0.07053618368588627,0.06498945590085593,0.023728653367909316,0.03785833692679383,0.0101010697682661,0.005783010118790943,0.0007915458180980453,0.00011223410853629002,0.009126405141503582,0.006680882987081263,0.0017780245615485943,0.007702804080595904,0.005464028968214119,0.006078363035991707,0.008340766381749553,7.088470012818317e-05,0.006072455977647691,0.0005434493676494043,0.000939222276698427,0.002599105671366716,0.0014885787026918465,0.0020083998369651896,0.0002658176254806869,0.0002953529172007632,0.00020083998369651898,0.00014176940025636633,0.00012995528356833582,0.0019552363118690522,0.00012995528356833582,0.00014176940025636633,0.00011223410853629002,0.0022092398206617087,0.00017130469197644264,0.000826988168162137,0.000649776417841679,0.0009451293350424422,0.00017721175032045793,0.0002126541003845495,0.00016539763363242739,0.0002658176254806869,2.3628233376061055e-05,0.0002126541003845495,5.907058344015264e-05,8.269881681621369e-05,5.907058344015264e-06,5.907058344015264e-06,5.907058344015264e-06,1.772117503204579e-05,1.1814116688030528e-05,5.907058344015264e-06
(,0.055635111305726834,0.11224658863628295,0.08754748689302579,0.05655822100192906,0.029764370332674532,0.04000142016876339,0.035622566481650235,0.05104914967395292,0.01817224280151958,0.007083091707397896,0.15447293986768762,0.04086535616649112,0.024645845414630104,0.004047480975655941,0.07023326271938649,0.06511473780134205,0.023770074677207476,0.03792442335230837,0.01007136348036025,0.005793105080653751,0.0008284317786430288,0.0001124300271015539,0.009142336414310568,0.006692545297466182,0.0017811283240825118,0.007716250281075068,0.00547356710889144,0.006088973573026261,0.00834349148490479,7.100843816940246e-05,0.006094890942873712,0.0005443980259654189,0.0009408618057445827,0.0026036427328780904,0.0014911772015574517,0.00201190574813307,0.00026628164313525923,0.00029586849237251024,0.00020119057481330697,0.00014201687633880493,0.0001301821366439045,0.001958649419506018,0.0001301821366439045,0.00014201687633880493,0.0001124300271015539,0.002213096322946377,0.00017160372557605596,0.0008225144087955785,0.0006509106832195226,0.000952696545439483,0.00017752109542350616,0.0002130253145082074,0.00016568635572860574,0.00026628164313525923,2.3669479389800822e-05,0.0002130253145082074,5.917369847450205e-05,8.284317786430287e-05,5.9173698474502055e-06,5.9173698474502055e-06,5.9173698474502055e-06,1.7752109542350616e-05,1.1834739694900411e-05,5.9173698474502055e-06
),0.055645299676329446,0.11220776454298546,0.08750939354670738,0.05655654767187972,0.02976348972479127,0.039982485103462154,0.03552683743690791,0.051047639335143995,0.018171705158018688,0.0070828821472316405,0.1546044651151782,0.040864147125130916,0.02463919904851508,0.004047361226989509,0.07023118479991006,0.06512464570796277,0.023769371416398913,0.037923301321309597,0.010071065509263368,0.005792933685998142,0.0007929041000242605,0.00011242670074970858,0.009142065929384198,0.006692347291995811,0.001781075627666436,0.007716021988295789,0.005473405168077918,0.006118379398694667,0.008343244634583637,7.100633731560542e-05,0.006082876230036864,0.0005443819194196416,0.0009467511642080723,0.0026035657015721987,0.0014911330836277139,0.0020118462239421533,0.0002662737649335203,0.00033728010224912575,0.00020118462239421535,0.00014201267463121085,0.00013017828507860994,0.0019585914709554495,0.00013017828507860994,0.00014201267463121085,0.00011834389552600904,0.002213030846336369,0.0001715986485127131,0.0008224900739057627,0.0006508914253930497,0.0009467511642080723,0.00017751584328901354,0.00021301901194681626,0.00018935023284161445,0.0002662737649335203,2.3668779105201806e-05,0.00021301901194681626,5.917194776300452e-05,8.284072686820632e-05,5.9171947763004514e-06,5.9171947763004514e-06,1.1834389552600903e-05,1.7751584328901356e-05,1.1834389552600903e-05,5.9171947763004514e-06
k,0.05563873289029074,0.11221838883201268,0.08755318582342603,0.056561902676600606,0.02977222560849316,0.03998627080830616,0.03552428350780848,0.05108797926418634,0.018173425729215365,0.007083552783416084,0.1544889130859317,0.04086801630933289,0.02464153198842487,0.0040477444476663335,0.07032660090068232,0.06511305871004776,0.023771621997479037,0.037926892054230305,0.010077936833882698,0.005799399939638898,0.0007929791754200127,0.00011243734576850926,0.009142931537491936,0.006692980950746525,0.0017812442671748046,0.007716752572744004,0.005479841167454714,0.006089369936620843,0.008344034607031477,7.101306048537427e-05,0.006083452181580395,0.0005444334637212027,0.0009409230514312091,0.0026038122177970565,0.0014912742701928597,0.002012036713752271,0.0002662989768201535,0.0002958877520223928,0.0002012036713752271,0.00014202612097074854,0.00013019061088985284,0.00195877691838824,0.00013019061088985284,0.00014202612097074854,0.00011243734576850926,0.002213240385127498,0.00017161489617298782,0.000822567950622252,0.0006509530544492641,0.0009468408064716569,0.00017753265121343568,0.0002130391814561228,0.00016569714113253995,0.0002662989768201535,2.3671020161791423e-05,0.0002130391814561228,5.917755040447856e-05,8.284857056626997e-05,5.917755040447856e-06,5.917755040447856e-06,5.917755040447856e-06,1.7753265121343567e-05,1.1835510080895712e-05,5.917755040447856e-06
â,0.05564202564906819,0.1122250300343842,0.08751694057630509,0.056565250069537734,0.029768069454883323,0.039988637237901914,0.03552638587229912,0.051055494073017585,0.018174501251679263,0.007083971995525912,0.15449213779716287,0.04087043492155552,0.02464299030022548,0.0040479839974433785,0.07024199132405769,0.06511099406414042,0.023773028827090717,0.037929136607623704,0.010072615151533085,0.005793825048972321,0.0007930261047622993,0.00011244399992898273,0.009143472625804122,0.006693377048404183,0.0017813496830854634,0.007717209258283867,0.005474247364963633,0.006089730311943329,0.008344528415782404,7.101726311304173e-05,0.006083812206683908,0.0005444656838666532,0.0009409787362478029,0.0026098844194042837,0.0014913625253738763,0.002012155788202849,0.00026631473667390647,0.00029590526297100723,0.0002012155788202849,0.00014203452622608346,0.0002603966314144863,0.0019588928408680677,0.00013019831570724316,0.00014203452622608346,0.00011244399992898273,0.0022133713670231337,0.0001716250525231842,0.0008226166310594,0.000656909683795636,0.0009468968415072231,0.00017754315778260431,0.0002130517893391252,0.00016570694726376404,0.00026631473667390647,2.3672421037680577e-05,0.0002130517893391252,5.918105259420144e-05,8.285347363188202e-05,5.918105259420144e-06,5.918105259420144e-06,5.918105259420144e-06,1.7754315778260433e-05,1.1836210518840289e-05,5.918105259420144e-06
¿,0.055642684247592784,0.112238194719804,0.08752389463280681,0.05656591959567026,0.029768421800190566,0.03999502873274112,0.035556397251599384,0.05105609838374632,0.018174716371448355,0.007084055843902208,0.1544939664202733,0.04087683685366128,0.02469062738576442,0.004048031910801261,0.07024282273289499,0.06512951926661971,0.02377331021299513,0.037929585550183165,0.010072734374537642,0.00579389362671701,0.0007930354912973232,0.0001124453308555906,0.009143580851151974,0.006693456273561735,0.0017813707677648827,0.007717300601878429,0.005480230335382995,0.00608980239212646,0.00834462718454646,7.101810369826775e-05,0.00608388421681827,0.0005444721283533861,0.0009409898740020476,0.002603997135603151,0.0014913801776636228,0.002012179604784253,0.00026631788886850405,0.000295908765409449,0.0002012179604784253,0.0001420362073965355,0.00013019985678015754,0.001958916027010552,0.00013019985678015754,0.0001420362073965355,0.0001124453308555906,0.002213397565262678,0.0001716270839374804,0.0008226263678382681,0.0006509992839007877,0.0009469080493102367,0.00017754525924566937,0.00021305431109480325,0.00016570890862929142,0.00026631788886850405,2.3672701232755917e-05,0.00021305431109480325,5.918175308188979e-05,8.285445431464571e-05,5.918175308188979e-06,5.918175308188979e-06,5.918175308188979e-06,1.7754525924566937e-05,1.1836350616377958e-05,5.918175308188979e-06
©,0.05579513232514178,0.11202150283553876,0.08735822306238185,0.05724243856332703,0.029714083175803402,0.03993383742911153,0.03550330812854442,0.050962901701323254,0.018141540642722116,0.007071124763705104,0.1545132325141777,0.04083766540642722,0.024621928166351607,0.0040406427221172025,0.07011460302457467,0.06525874291115312,0.023735822306238184,0.03788397920604915,0.010060255198487713,0.005783317580340265,0.0007915879017013233,0.00011224007561436673,0.00914461247637051,0.006681238185255198,0.0017781190926275993,0.007703213610586011,0.005464319470699433,0.006078686200378072,0.008435727788279774,7.088846880907372e-05,0.006078686200378072,0.0005434782608695652,0.0009392722117202269,0.0025992438563327033,0.0015418241965973534,0.002008506616257089,0.00026583175803402646,0.0002953686200378072,0.0002008506616257089,0.00014177693761814744,0.00012996219281663515,0.0019553402646502837,0.00012996219281663515,0.00014177693761814744,0.00011224007561436673,0.0022152646502835538,0.00017131379962192816,0.0008211247637051039,0.0006498109640831758,0.000945179584120983,0.00017722117202268432,0.00021266540642722118,0.00017131379962192816,0.00026583175803402646,2.3629489603024576e-05,0.00021266540642722118,5.907372400756144e-05,8.270321361058602e-05,5.907372400756144e-06,5.907372400756144e-06,5.907372400756144e-06,1.772211720226843e-05,1.1814744801512288e-05,5.907372400756144e-06
?,0.05564301355270166,0.11225069538971415,0.08751849440729123,0.05657217257501332,0.029768597975972064,0.03998934722140025,0.035527016630171035,0.05105640054447535,0.018174823933242587,0.007084097768834704,0.15449488074806178,0.040877078771379534,0.024643427827424985,0.004048055867905545,0.07024323844469432,0.06513582292714683,0.023785287329111678,0.0379357282357815,0.0100727939870983,0.005793927916198142,0.0007930401846481624,0.0001124459963307096,0.00914363496478665,0.006693495886843819,0.0017813813102917678,0.007717346274486595,0.005474344558205599,0.006095756643191099,0.00834467656980529,7.10185239983429e-05,0.006083920222524708,0.0005444753506539622,0.0009409954429780435,0.0026040125466059065,0.0014913890039652009,0.002012191513286382,0.0002663194649937859,0.0002959105166597621,0.00020121915132863822,0.00018346452032905249,0.00013020062733029532,0.001958927620287625,0.00013020062733029532,0.0001420370479966858,0.0001124459963307096,0.0022134106646150204,0.000171628099662662,0.0008226312363141386,0.0006510031366514766,0.0009469136533112387,0.00017754630999585724,0.0002130555719950287,0.00016570988932946678,0.0002663194649937859,2.3672841332780966e-05,0.0002130555719950287,5.918210333195242e-05,8.285494466473339e-05,5.9182103331952416e-06,5.9182103331952416e-06,5.9182103331952416e-06,1.7754630999585726e-05,1.1836420666390483e-05,5.9182103331952416e-06
4,0.05564202564906819,0.1122250300343842,0.08751694057630509,0.056565250069537734,0.029768069454883323,0.039988637237901914,0.03552638587229912,0.051055494073017585,0.018174501251679263,0.007083971995525912,0.15452172832345995,0.04087043492155552,0.02464299030022548,0.0040479839974433785,0.07024199132405769,0.06511099406414042,0.023773028827090717,0.037929136607623704,0.010072615151533085,0.005793825048972321,0.0007930261047622993,0.00011244399992898273,0.009143472625804122,0.006693377048404183,0.0017813496830854634,0.007717209258283867,0.005474247364963633,0.006089730311943329,0.008344528415782404,7.101726311304173e-05,0.006083812206683908,0.0005503837891260734,0.0009587330520260634,0.0026039663141448634,0.0014913625253738763,0.002012155788202849,0.0002722328419333266,0.00029590526297100723,0.0002012155788202849,0.00014203452622608346,0.00013019831570724316,0.0019588928408680677,0.00013019831570724316,0.00014795263148550361,0.00012428021044782304,0.0022133713670231337,0.0001716250525231842,0.0008285347363188202,0.0006509915785362159,0.0009528149467666432,0.00018346126304202447,0.0002130517893391252,0.00016570694726376404,0.00026631473667390647,2.3672421037680577e-05,0.0002426423156362259,5.918105259420144e-05,0.00010060778941014245,5.918105259420144e-06,5.918105259420144e-06,5.918105259420144e-06,1.7754315778260433e-05,1.1836210518840289e-05,5.918105259420144e-06
3,0.05564367217461295,0.11222835093035367,0.08751953032526869,0.056566923914587376,0.029768950333791015,0.039989820557738746,0.035527437147862315,0.05105700487666304,0.018175039060650537,0.007084181620188438,0.1545263008380285,0.040871644335022016,0.02464371952085602,0.004048103782964821,0.07024406988305477,0.06511292078973534,0.02377373230434165,0.037930258983949625,0.010096586335874248,0.0057939964963780125,0.0007930495715165001,0.00011836560768902987,0.009143743193977557,0.00669357511481464,0.0017814023957198996,0.0077174376213247475,0.005474409355617632,0.0060958287959850385,0.008344775342076607,7.101936461341793e-05,0.0060839922352161355,0.0005444817953695375,0.0009410065811277875,0.002604043369158657,0.0014914066568817764,0.0020122153307135077,0.0002781591780692202,0.0002959140192225747,0.00020122153307135078,0.00014203872922683586,0.00013020216845793285,0.0019589508072534443,0.00013020216845793285,0.00015387528999573883,0.00011244732730457838,0.002213436863784859,0.00017163013114909333,0.0008226409734387577,0.0006510108422896643,0.000946924861512239,0.00017754841153354482,0.00021305809384025378,0.0001657118507646418,0.0002781591780692202,2.3673121537805975e-05,0.00021897637422470527,5.9182803844514935e-05,8.877420576677241e-05,5.918280384451494e-06,5.918280384451494e-06,5.918280384451494e-06,1.7754841153354482e-05,1.1836560768902987e-05,5.918280384451494e-06
j,0.05552701050654666,0.11279625331467077,0.08762542596103305,0.05644832657110965,0.030054983670263342,0.039905978514436904,0.035452950869049094,0.05096767716140158,0.01817827465849294,0.007069329033858365,0.15417279400908324,0.04078595347353874,0.02459205187718148,0.0040396165907762085,0.07079959603834092,0.0649764060405261,0.02372388866249712,0.03785073498579638,0.010051794499270624,0.0057818488923536675,0.0007913868759707777,0.0001122115719660058,0.009124572562498892,0.006679541468081714,0.0017776675348298813,0.00770125736019324,0.005462931793081861,0.006077142502790524,0.008327279814319377,7.087046650484577e-05,0.006071236630581787,0.0005433402432038176,0.0009390336811892064,0.0025985837718443447,0.0014882797966017612,0.00200799655097063,0.0002657642493931716,0.0002952936104368574,0.000200799655097063,0.00014174093300969154,0.00012992918859221724,0.0019548437010919956,0.00012992918859221724,0.00014174093300969154,0.0001122115719660058,0.002208796206067693,0.00017127029405337727,0.0008268221092232006,0.0006496459429610862,0.0009449395533979436,0.00017717616626211443,0.0002126113995145373,0.00016536442184464012,0.0002657642493931716,2.3623488834948588e-05,0.0002126113995145373,5.905872208737147e-05,8.268221092232006e-05,5.905872208737147e-06,5.905872208737147e-06,5.905872208737147e-06,1.7717616626211443e-05,1.1811744417474294e-05,5.905872208737147e-06
6,0.055640379220963675,0.112221709334943,0.08751435098060102,0.05656357632354508,0.029767188628105432,0.03998745398809313,0.035525334658949685,0.05105398335878043,0.018173963474535145,0.007083762383268828,0.15455266366035816,0.04086922557966126,0.02464226112274971,0.004047864219010759,0.07023991288806827,0.0651090674525678,0.023772325391471078,0.03792801429771923,0.010095988826947887,0.005793653611712767,0.0007930026393968445,0.00011244067275029886,0.009143202073642723,0.006693178993715158,0.001781296973570524,0.007716980908757353,0.0054740853838961285,0.006119139769674159,0.008344281504101126,7.101516173703086e-05,0.006083632188805643,0.0005444495733172366,0.0009409508930156589,0.0026038892636911313,0.001491318396477648,0.002012096249215874,0.0002722247866586183,0.00029589650723762856,0.00020120962492158742,0.0001420303234740617,0.00013019446318455658,0.001958834877913101,0.00013019446318455658,0.00014794825361881428,0.00011244067275029886,0.0022133058741374617,0.0001834558344873297,0.0008225922901206075,0.0006509723159227828,0.000952786753305164,0.00017753790434257713,0.00021304548521109258,0.000165702044053072,0.0002663068565138657,2.3671720579010286e-05,0.00023079927564535028,5.917930144752571e-05,8.876895217128857e-05,5.917930144752572e-06,5.917930144752572e-06,5.917930144752572e-06,1.7753790434257714e-05,1.1835860289505143e-05,5.917930144752572e-06
-,0.05560418243754731,0.11219010219530659,0.08746924678274035,0.05653860711582135,0.029747823618470854,0.03998509651778955,0.035514051854655566,0.05102668433005299,0.018162140423921273,0.00707915404996215,0.15468276873580622,0.040860380393641184,0.024643972369417108,0.004045230885692657,0.07020013247539743,0.06507262490537472,0.023786430734292204,0.0379151684330053,0.010118991294473884,0.0058017127176381526,0.0008043149129447389,0.00011236752460257381,0.009137253974261923,0.006765707797123392,0.0017801381529144588,0.007723788796366389,0.005476438304314913,0.006085588569265708,0.008338853141559424,7.096896290688872e-05,0.006085588569265708,0.0006091502649507948,0.0010290499621498864,0.0026021953065859197,0.001490348221044663,0.002010787282361847,0.0002661336109008327,0.00029570401211203635,0.00020107872823618472,0.00014193792581377744,0.000130109765329296,0.0019575605601816807,0.000130109765329296,0.00014193792581377744,0.00011236752460257381,0.002211866010598032,0.00017150832702498108,0.000822057153671461,0.0006505488266464799,0.0009462528387585163,0.00017742240726722182,0.00021290688872066616,0.00016559424678274035,0.0002661336109008327,2.3656320968962907e-05,0.00021290688872066616,5.914080242240727e-05,8.279712339137017e-05,5.914080242240727e-06,5.914080242240727e-06,5.914080242240727e-06,1.774224072672218e-05,1.1828160484481453e-05,5.914080242240727e-06
º,0.05561372065373627,0.11216794136958104,0.08749608124974122,0.0568263150734359,0.02975292649311779,0.0399682950922459,0.03550831366564335,0.051029522237798636,0.018165255916573503,0.0070803683920998,0.15441946302770038,0.041021181954229,0.024630454456728124,0.0040459247954855995,0.07020625935324354,0.06507787222212363,0.02380234119449423,0.03793941759977286,0.010067491230872062,0.0057908777409070205,0.0007926226938524421,0.00011238679987459999,0.009227547779177683,0.006689972139903821,0.0017804435138028736,0.007713283528235705,0.005471462625473947,0.006086632477419126,0.008340283569641367,7.098113676290526e-05,0.006080717382688883,0.0005441887151822737,0.0009405000621084947,0.002602641681306526,0.0014906038720210104,0.0020111322082823156,0.00026617926286089474,0.0002957547365121052,0.00020111322082823157,0.00014196227352581052,0.0001301320840653263,0.001957896355710137,0.0001301320840653263,0.00014196227352581052,0.00011238679987459999,0.0022122454291105473,0.00017153774717702103,0.0008221981675036526,0.0006506604203266315,0.0009464151568387368,0.00017745284190726315,0.0002129434102887158,0.00016562265244677893,0.00026617926286089474,2.3660378920968418e-05,0.0002129434102887158,5.915094730242105e-05,8.281132622338947e-05,5.9150947302421045e-06,5.9150947302421045e-06,5.9150947302421045e-06,1.7745284190726314e-05,1.1830189460484209e-05,5.9150947302421045e-06
9,0.05559727749557977,0.11213477697816202,0.08744655813705952,0.056519759445091626,0.029744129525927063,0.0399564777746897,0.03549781501871574,0.05101443447717153,0.01815988504455706,0.0070782749587544125,0.15446841977659378,0.040837566303390124,0.024623172036970238,0.004044728547859665,0.0701855016586935,0.06505863082390648,0.02375391019993022,0.03789863342577864,0.01008225464049814,0.0057891655677699,0.0007923883412473612,0.00013600695409469633,0.009136119307665471,0.006687994133960936,0.0017799170948914606,0.007711002962586261,0.005469844892938874,0.006102572896770722,0.008337817620587905,7.096014996245025e-05,0.006078919513449905,0.0005440278163787853,0.00094613533283267,0.0026018721652898424,0.0014901631492114553,0.002010537582269424,0.0002661005623591885,0.0003607140956424555,0.0002010537582269424,0.0001419202999249005,0.00013009360826449212,0.0019573174697975863,0.00013009360826449212,0.00017148702907592145,0.00011826691660408375,0.002211591340496366,0.0001951404123967382,0.0008278684162285863,0.0006504680413224606,0.0014901631492114553,0.00023062048737796333,0.00021288044988735077,0.00016557368324571727,0.00027201390818939265,2.365338332081675e-05,0.00026018721652898424,5.913345830204188e-05,8.278684162285863e-05,5.913345830204188e-06,5.913345830204188e-06,5.913345830204188e-06,1.7740037490612563e-05,1.1826691660408375e-05,5.913345830204188e-06
8,0.055640049947034836,0.11222104521863664,0.08751383307985015,0.05656324158623261,0.029767012469005025,0.03998721734653418,0.03552512442374496,0.051053681226661304,0.018173855922925333,0.007083720462305967,0.15454583113878056,0.040868983719870515,0.02464211529243279,0.004047840264174839,0.07023949721563034,0.06510868214393505,0.02377218470934258,0.03792778984370839,0.010078175394575657,0.005793619325478314,0.0008107516318595801,0.00011835790246125258,0.009143147965131762,0.006693139384183834,0.0017812864320418513,0.007716935240473668,0.005474052988832932,0.006089514081631445,0.008344232123518307,7.101474147675155e-05,0.006083596186508383,0.0005562821415678871,0.0009468632196900207,0.002603873854147557,0.0014913095710117825,0.002012084341841294,0.00027222317566088095,0.0002958947561531315,0.00020120843418412938,0.0001420294829535031,0.00013019369270737783,0.0019588232857337302,0.00013611158783044048,0.0001420294829535031,0.00011835790246125258,0.002213292776025423,0.0001834547488149415,0.0008285053172287681,0.0006509684635368892,0.0009527811148130833,0.00017753685369187888,0.00021304422443025464,0.00016570106344575362,0.00027222317566088095,2.3671580492250515e-05,0.00023671580492250517,5.917895123062629e-05,8.285053172287681e-05,5.917895123062629e-06,5.917895123062629e-06,5.917895123062629e-06,1.7753685369187887e-05,1.1835790246125257e-05,5.917895123062629e-06
:,0.05563807438530047,0.11222297837086131,0.08751664348906708,0.056561233245554336,0.029765955558185637,0.03998579755599609,0.03552386306476906,0.05105186850903926,0.018173210639997633,0.007083468946947954,0.15468236825753764,0.04086753262123857,0.024641240346776342,0.004047696541113117,0.07023700328431517,0.06510637038790425,0.023771340651537118,0.03792644317542977,0.010071899872769772,0.005793413616593189,0.0007929697902180667,0.0001124360150309199,0.009142823327514276,0.006692901736840548,0.0017812231854898363,0.007716661242122082,0.005473858626505311,0.006089297866674557,0.008343935852294582,7.101222001952836e-05,0.0060833801816729295,0.0005444270201497174,0.0009409119152587507,0.00260378140071604,0.0014912566204100955,0.0020120129005533035,0.00026629582507323136,0.00029588425008136816,0.00020120129005533037,0.00014202444003905671,0.00013018907003580198,0.0019587537355386575,0.00013018907003580198,0.00014202444003905671,0.0001124360150309199,0.0022132141906086337,0.00017161286504719354,0.0008225582152262035,0.00065094535017901,0.0009468296002603781,0.0001775305500488209,0.00021303666005858507,0.00016569518004556618,0.00026629582507323136,2.3670740006509455e-05,0.00021303666005858507,5.917685001627363e-05,8.284759002278309e-05,5.917685001627364e-06,5.917685001627364e-06,5.917685001627364e-06,1.775305500488209e-05,1.1835370003254727e-05,5.917685001627364e-06
;,0.05564070849878978,0.11222237345910982,0.0875326227829823,0.05656391106481947,0.02976736478929085,0.03998769063245294,0.03552554489664274,0.051054285494475576,0.018174071027417932,0.007083804304727863,0.15463642980997414,0.040869467442314636,0.024642406954792664,0.004047888174130207,0.07024032856542606,0.06510945276576102,0.023772466075264682,0.037928238754386695,0.010072376713990661,0.0057936878983530305,0.0007930073323588417,0.00011244133817028353,0.009143256182794109,0.006693218603715298,0.0017813075152239655,0.007717026577581564,0.005474117779342751,0.006089586156695882,0.00834433088526841,7.101558200228433e-05,0.006083668191529025,0.0005444527953508466,0.0009409564615302674,0.0026039046734170923,0.0014913272220479711,0.0020121081567313895,0.0002663084325085663,0.0002958982583428514,0.00020121081567313896,0.00014203116400456867,0.0001301952336708546,0.001958846470229676,0.0001301952336708546,0.00014203116400456867,0.00011244133817028353,0.0022133189724045286,0.0001716209898388538,0.0008225971581931269,0.0006509761683542731,0.0009468744266971245,0.00017753895500571083,0.000213046746006853,0.00016570302467199677,0.0002663084325085663,2.367186066742811e-05,0.000213046746006853,5.917965166857028e-05,8.285151233599838e-05,5.917965166857028e-06,5.917965166857028e-06,5.917965166857028e-06,1.7753895500571084e-05,1.1835930333714056e-05,5.917965166857028e-06
5,0.055635111305726834,0.11221108441719824,0.08750606530409363,0.05655822100192906,0.029764370332674532,0.03998366805922104,0.035521971194243586,0.05104914967395292,0.01817224280151958,0.007083091707397896,0.15454986567570447,0.04086535616649112,0.024639928044782655,0.004047480975655941,0.07023326271938649,0.06510290306164716,0.023770074677207476,0.03792442335230837,0.0100772808502077,0.005793105080653751,0.0007929275595583275,0.0001124300271015539,0.009142336414310568,0.006692545297466182,0.0017811283240825118,0.007716250281075068,0.00547356710889144,0.006088973573026261,0.00834349148490479,7.100843816940246e-05,0.006083056203178811,0.0005443980259654189,0.0009467791755920328,0.0026036427328780904,0.0014911772015574517,0.00201190574813307,0.00026628164313525923,0.00029586849237251024,0.00020119057481330697,0.00014201687633880493,0.0001301821366439045,0.001958649419506018,0.0001301821366439045,0.00014201687633880493,0.0001124300271015539,0.002213096322946377,0.00017160372557605596,0.0009171923263547818,0.0006509106832195226,0.0009467791755920328,0.00019527320496585677,0.0002130253145082074,0.00016568635572860574,0.00027811638283015963,2.3669479389800822e-05,0.00025444690344035884,5.917369847450205e-05,9.467791755920329e-05,5.9173698474502055e-06,5.9173698474502055e-06,5.9173698474502055e-06,1.7752109542350616e-05,1.1834739694900411e-05,5.9173698474502055e-06
¤,0.055648612335975095,0.11223831479760643,0.08752730049185277,0.05659562126745308,0.029771593283339153,0.03999337093747966,0.03553059134788965,0.0510615378241286,0.018176652678555574,0.007084810568619675,0.15451042597645498,0.04087527300491853,0.02464590744171456,0.004048463182068386,0.07025030629820128,0.06511870165075494,0.02377584298591916,0.03793362651151504,0.010073807508597066,0.00579451089948092,0.0007931199801128124,0.00011245731061301072,0.009144554994584293,0.006694169384385006,0.0017815605523429593,0.007718122791545577,0.005474895385107101,0.006090451190567791,0.008345516208649742,7.102566986084887e-05,0.006084532384746054,0.0005445301355998414,0.0009410901256562476,0.0026042745615644587,0.0014915390670778264,0.002012393979390718,0.0002663462619781833,0.00029594029108687034,0.0002012393979390718,0.00014205133972169774,0.00013021372807822294,0.0019591247269950813,0.00013021372807822294,0.00014205133972169774,0.00011245731061301072,0.00221363337732979,0.00017164536883038477,0.0008227140092214994,0.0006510686403911147,0.000947008931477985,0.0001775641746521222,0.00021307700958254664,0.00016572656300864737,0.0002663462619781833,2.3675223286949625e-05,0.00021307700958254664,5.918805821737406e-05,8.286328150432369e-05,5.918805821737406e-06,5.918805821737406e-06,5.918805821737406e-06,1.7756417465212217e-05,1.1837611643474813e-05,5.918805821737406e-06
/,0.05563807438530047,0.1122170606858597,0.08751072580406545,0.056561233245554336,0.029765955558185637,0.03999171524099772,0.0355534514897772,0.05105186850903926,0.018173210639997633,0.007083468946947954,0.15448116696748232,0.04086753262123857,0.024641240346776342,0.004047696541113117,0.07023700328431517,0.06510637038790425,0.023771340651537118,0.03792644317542977,0.010071899872769772,0.005793413616593189,0.0008817350652424771,0.0001124360150309199,0.009142823327514276,0.006692901736840548,0.0017812231854898363,0.007716661242122082,0.005473858626505311,0.006089297866674557,0.008343935852294582,7.101222001952836e-05,0.006089297866674557,0.0005799331301594816,0.0009527472852620055,0.00260378140071604,0.0014912566204100955,0.0020120129005533035,0.00026629582507323136,0.00029588425008136816,0.00020120129005533037,0.00014202444003905671,0.00013018907003580198,0.0019587537355386575,0.00013018907003580198,0.00014202444003905671,0.00012427138503417462,0.0022132141906086337,0.00017161286504719354,0.0008225582152262035,0.00065094535017901,0.0009586649702636329,0.0001775305500488209,0.00021303666005858507,0.00016569518004556618,0.0002781311950764861,2.3670740006509455e-05,0.00021303666005858507,5.917685001627363e-05,8.284759002278309e-05,5.917685001627364e-06,5.917685001627364e-06,5.917685001627364e-06,1.775305500488209e-05,1.1835370003254727e-05,5.917685001627364e-06
w,0.05564663616617049,0.11224024763404139,0.08752419225966063,0.05656993708532839,0.02979421042974923,0.039991950709935546,0.03552932960067235,0.051059724548559116,0.018176007197012293,0.0070845589758462115,0.15450493906805793,0.04087382145964406,0.024645032226753235,0.004048319414769264,0.07027148598180624,0.06511638918317461,0.02377499866831598,0.03793227942873715,0.010073449771838138,0.005794305127279399,0.0007930918151740955,0.00011245331707692399,0.00914423025704461,0.006699850259530418,0.0017814972863239012,0.007717848708858362,0.00547470096295551,0.006090234909060778,0.008345219846234885,7.102314762753094e-05,0.006084316313425151,0.0005445107984777372,0.000941056706064785,0.0026041820796761346,0.0014914861001781498,0.0020123225161133764,0.000266336803603241,0.0002959297817813789,0.00020123225161133767,0.00014204629525506188,0.00013020910398380673,0.0019590551553927285,0.00013020910398380673,0.00014204629525506188,0.00011245331707692399,0.0022135547677247145,0.00017163927343319976,0.0008226847933522334,0.0006510455199190337,0.0009469753017004126,0.00017755786906882735,0.00021306944288259283,0.0001657206777975722,0.000266336803603241,2.3674382542510314e-05,0.00021306944288259283,5.9185956356275785e-05,8.28603388987861e-05,5.9185956356275785e-06,5.9185956356275785e-06,5.9185956356275785e-06,1.7755786906882735e-05,1.1837191271255157e-05,5.9185956356275785e-06
%,0.05564531879760658,0.1122316720228689,0.08752212022750543,0.056568597858702795,0.029769831264833128,0.039991003947609835,0.035528488485644785,0.051058515769724734,0.018175576901451797,0.007084391257257506,0.15454862898977884,0.04087285382006711,0.02464444878464516,0.004048223575575717,0.07024614856507046,0.06511484762936263,0.02377443582322757,0.03793138142670289,0.010079129750300361,0.005794167953930742,0.0007930730396595705,0.00011245065487710327,0.00914401377816445,0.006693773192947569,0.0017814551114741098,0.007717665997881193,0.005474571355858975,0.006119683007522357,0.008345022282985032,7.102146623817049e-05,0.0060841722744032715,0.0005444979078259737,0.000941034427655759,0.002604120428732918,0.0014914507910015803,0.0020122748767481637,0.0002663304983931393,0.000295922775992377,0.00020122748767481639,0.00014204293247634098,0.0001302060214366459,0.001959008777069536,0.0001302060214366459,0.00014204293247634098,0.00011245065487710327,0.00221350236442298,0.00017163521007557868,0.0008226653172588082,0.0006510301071832294,0.0009469528831756065,0.0001775536655954262,0.00021306439871451147,0.00016571675455573113,0.0002663304983931393,2.3673822079390162e-05,0.00021306439871451147,5.9184555198475404e-05,8.285837727786556e-05,5.918455519847541e-06,5.918455519847541e-06,5.918455519847541e-06,1.7755366559542623e-05,1.1836911039695081e-05,5.918455519847541e-06
!,0.055649600473512875,0.11224030778336785,0.0875288546907369,0.056572950577093814,0.02977212192956496,0.03999408108907961,0.03553122225510506,0.05106244451021012,0.01817697543651968,0.007084936371707606,0.15451908848771825,0.04087599881621782,0.02464634507250666,0.004048535069547204,0.07025155371411661,0.06511985794613791,0.023776265167209234,0.037934300088783665,0.010073986386504884,0.005794613791062444,0.0007931340633323469,0.00011245930748742231,0.009144717372003551,0.006694288250961823,0.001781592187037585,0.007718259840189405,0.005474992601361349,0.006090559337081977,0.008345664397750814,7.102693104468778e-05,0.006084640426161587,0.0005445398046759396,0.000941106836342113,0.002604320804971885,0.0014915655519384433,0.0020124297129328205,0.00026635099141757916,0.0002959455460195324,0.00020124297129328205,0.00014205386208937556,0.00013021604024859425,0.0019591595146493043,0.00013021604024859425,0.00014205386208937556,0.00011245930748742231,0.0022136726842261023,0.0001716484166913288,0.0008227286179343001,0.0006510802012429712,0.0009470257472625037,0.00017756732761171944,0.00021308079313406332,0.00016572950577093814,0.00026635099141757916,2.3675643681562593e-05,0.00021308079313406332,5.918910920390648e-05,8.286475288546907e-05,5.918910920390648e-06,5.918910920390648e-06,5.918910920390648e-06,1.7756732761171945e-05,1.1837821840781296e-05,5.918910920390648e-06
[,0.055649600473512875,0.11224030778336785,0.0875288546907369,0.056572950577093814,0.02977212192956496,0.03999408108907961,0.03553122225510506,0.05106244451021012,0.01817697543651968,0.007084936371707606,0.15451316957679787,0.04087599881621782,0.02464634507250666,0.004048535069547204,0.07025155371411661,0.0651257768570583,0.023776265167209234,0.037934300088783665,0.010073986386504884,0.005794613791062444,0.0007931340633323469,0.00011245930748742231,0.009144717372003551,0.006694288250961823,0.001781592187037585,0.007718259840189405,0.005474992601361349,0.006090559337081977,0.008345664397750814,7.102693104468778e-05,0.006084640426161587,0.0005445398046759396,0.000941106836342113,0.002604320804971885,0.0014915655519384433,0.0020124297129328205,0.00026635099141757916,0.0002959455460195324,0.00020124297129328205,0.00014205386208937556,0.00013021604024859425,0.0019591595146493043,0.00013021604024859425,0.00014205386208937556,0.00011245930748742231,0.0022136726842261023,0.0001716484166913288,0.0008227286179343001,0.0006510802012429712,0.0009470257472625037,0.00017756732761171944,0.00021308079313406332,0.00016572950577093814,0.00026635099141757916,2.3675643681562593e-05,0.00021308079313406332,5.918910920390648e-05,8.286475288546907e-05,5.918910920390648e-06,5.918910920390648e-06,5.918910920390648e-06,1.7756732761171945e-05,1.1837821840781296e-05,5.918910920390648e-06
],0.055649600473512875,0.11224030778336785,0.0875288546907369,0.056572950577093814,0.02977212192956496,0.03999408108907961,0.03553122225510506,0.05106244451021012,0.01817697543651968,0.007084936371707606,0.15451316957679787,0.04087599881621782,0.02464634507250666,0.004048535069547204,0.07025155371411661,0.06511985794613791,0.023776265167209234,0.037934300088783665,0.010073986386504884,0.005794613791062444,0.0007931340633323469,0.00011245930748742231,0.009144717372003551,0.006694288250961823,0.001781592187037585,0.007718259840189405,0.005474992601361349,0.006096478248002368,0.008345664397750814,7.102693104468778e-05,0.006084640426161587,0.0005445398046759396,0.000941106836342113,0.002604320804971885,0.0014915655519384433,0.0020124297129328205,0.00026635099141757916,0.0002959455460195324,0.00020124297129328205,0.00014205386208937556,0.00013021604024859425,0.0019591595146493043,0.00013021604024859425,0.00014205386208937556,0.00011245930748742231,0.0022136726842261023,0.0001716484166913288,0.0008227286179343001,0.0006510802012429712,0.0009470257472625037,0.00017756732761171944,0.00021308079313406332,0.00016572950577093814,0.00026635099141757916,2.3675643681562593e-05,0.00021308079313406332,5.918910920390648e-05,8.286475288546907e-05,5.918910920390648e-06,5.918910920390648e-06,5.918910920390648e-06,1.7756732761171945e-05,1.1837821840781296e-05,5.918910920390648e-06
‰,0.05564894171125527,0.11223897911832946,0.08752781855201477,0.05657228088451158,0.029771769496661774,0.039993607651877455,0.035530801647805296,0.05106184004924476,0.01817676026327004,0.007084852502485913,0.15451134049907667,0.04087551493915432,0.024646053316918416,0.004048487144277664,0.07025072209858421,0.06513684360054926,0.02377598371134997,0.03793385103461338,0.010073867133860505,0.005794545196268762,0.000793124674463753,0.00011245797622993513,0.009144609119749987,0.006694209006108244,0.0017815710971163408,0.0077181684738860746,0.005474927790141579,0.006090487238979118,0.008345565604432028,7.102609025048534e-05,0.006084568398124911,0.0005445333585870543,0.0009410956958189308,0.002604289975851129,0.0014915478952601923,0.0020124058904304183,0.00026634783843932004,0.0002959420427103556,0.00020124058904304182,0.00014205218050097068,0.00013021449879255646,0.0019591363227425542,0.00013021449879255646,0.00014205218050097068,0.00011245797622993513,0.0022136464794734597,0.00017164638477200624,0.0008227188787347886,0.0006510724939627823,0.0009470145366731379,0.00017756522562621335,0.00021307827075145604,0.00016572754391779913,0.00026634783843932004,2.367536341682845e-05,0.00021307827075145604,5.918840854207112e-05,8.286377195889956e-05,5.918840854207112e-06,5.918840854207112e-06,5.918840854207112e-06,1.7756522562621336e-05,1.1837681708414225e-05,5.918840854207112e-06
¼,0.05564927109043451,0.11225148119869074,0.08752833661830946,0.05657261572882078,0.029771945712070362,0.03999384436907742,0.03553101195021042,0.05106214227793857,0.01817686784925807,0.007084894436848553,0.15451225503252422,0.04087575687625406,0.024646199193849104,0.004048511106770602,0.07025113790388929,0.06511947250978094,0.02377612443844665,0.037934075560369575,0.010073926759829772,0.005794579493462602,0.0007931293688702641,0.00011245864185473895,0.009144663245556404,0.006694248628300513,0.0017815816420145487,0.007718214156767347,0.00547496019555966,0.006090523287817178,0.008345615000799049,7.102651064509829e-05,0.006084604411930086,0.0005445365816124202,0.0009411012660475522,0.0026043053903202704,0.0014915567235470638,0.002012417801611118,0.0002663494149191186,0.00029594379435457616,0.0002012417801611118,0.00014205302129019658,0.00013021526951601352,0.0019591479186272945,0.00013021526951601352,0.00014205302129019658,0.00011245864185473895,0.00221365958177223,0.0001716474007256542,0.0008227237483057218,0.0006510763475800676,0.0009470201419346437,0.00017756627661274572,0.00021307953193529485,0.00016572852483856266,0.0002663494149191186,2.3675503548366093e-05,0.00021307953193529485,5.9188758870915234e-05,8.286426241928133e-05,5.918875887091523e-06,5.918875887091523e-06,5.918875887091523e-06,1.7756627661274572e-05,1.1837751774183047e-05,5.918875887091523e-06
š,0.055649600473512875,0.11224030778336785,0.0875288546907369,0.0565788694880142,0.02977212192956496,0.03999408108907961,0.03553122225510506,0.05106244451021012,0.01817697543651968,0.007084936371707606,0.15451316957679787,0.04087599881621782,0.02464634507250666,0.004048535069547204,0.07025155371411661,0.06511985794613791,0.023776265167209234,0.037934300088783665,0.010073986386504884,0.005794613791062444,0.0007931340633323469,0.00011245930748742231,0.009144717372003551,0.006694288250961823,0.001781592187037585,0.007718259840189405,0.005474992601361349,0.006090559337081977,0.008345664397750814,7.102693104468778e-05,0.006084640426161587,0.0005445398046759396,0.000941106836342113,0.002604320804971885,0.0014915655519384433,0.0020124297129328205,0.00026635099141757916,0.0002959455460195324,0.00020124297129328205,0.00014205386208937556,0.00013021604024859425,0.0019591595146493043,0.00013021604024859425,0.00014205386208937556,0.00011245930748742231,0.0022136726842261023,0.0001716484166913288,0.0008227286179343001,0.0006510802012429712,0.0009470257472625037,0.00017756732761171944,0.00021308079313406332,0.00016572950577093814,0.00026635099141757916,2.3675643681562593e-05,0.00021308079313406332,5.918910920390648e-05,8.286475288546907e-05,5.918910920390648e-06,5.918910920390648e-06,5.918910920390648e-06,1.7756732761171945e-05,1.1837821840781296e-05,5.918910920390648e-06
